番号,品目番号,入庫数量,編集済み動画,元の動画
01,JP-RD-1048,48,01_JP-RD-1048_48_JP.mp4,KakaoTalk_20260928_184917901.mp4
02,JP-RD-2056,36,02_JP-RD-2056_36_JP.mp4,KakaoTalk_20260928_184922073.mp4
03,JP-RD-3072,64,03_JP-RD-3072_64_JP.mp4,KakaoTalk_20260928_184927598.mp4
04,JP-RD-4085,40,04_JP-RD-4085_40_JP.mp4,KakaoTalk_20260928_184933966.mp4
05,JP-RD-5093,52,05_JP-RD-5093_52_JP.mp4,KakaoTalk_20260928_184938101.mp4
06,JP-TR-6018,24,06_JP-TR-6018_24_JP.mp4,KakaoTalk_20260928_184942240.mp4
07,JP-TR-7026,32,07_JP-TR-7026_32_JP.mp4,KakaoTalk_20260928_184948249.mp4
08,JP-TR-8034,28,08_JP-TR-8034_28_JP.mp4,KakaoTalk_20260928_184952944.mp4
09,JP-FR-9042,60,09_JP-FR-9042_60_JP.mp4,KakaoTalk_20260928_185000786.mp4
10,JP-FR-1057,44,10_JP-FR-1057_44_JP.mp4,KakaoTalk_20260928_185004579.mp4
11,JP-FR-2069,56,11_JP-FR-2069_56_JP.mp4,KakaoTalk_20260928_185009212.mp4
